{"cameraMode":{"drawMode":0,"name":"Shaded","section":"Shading Mode"},"sceneLighting":false,"audioPlay":false,"sceneViewState":{"showFog":true,"showMaterialUpdate":false,"showSkybox":false,"showFlares":true,"showImageEffects":false,"showParticleSystems":true,"showVisualEffectGraphs":true,"m_FxEnabled":true},"in2DMode":false,"pivot":{"x":0.04510433226823807,"y":0.218653604388237,"z":0.048278819769620898},"rotation":{"x":0.3958565592765808,"y":-0.5984472036361694,"z":0.4363422095775604,"w":0.5429351329803467},"size":0.4922344386577606,"orthographic":true}