{"cameraMode":{"drawMode":0,"name":"Shaded","section":"Shading Mode"},"sceneLighting":false,"audioPlay":false,"sceneViewState":{"showFog":true,"showMaterialUpdate":false,"showSkybox":false,"showFlares":true,"showImageEffects":false,"showParticleSystems":true,"showVisualEffectGraphs":true,"m_FxEnabled":true},"in2DMode":false,"pivot":{"x":-0.057554930448532107,"y":0.21497392654418946,"z":0.15413743257522584},"rotation":{"x":0.15334181487560273,"y":-0.15904808044433595,"z":0.025048332288861276,"w":0.9750043749809265},"size":0.5662106871604919,"orthographic":true}