{"cameraMode":{"drawMode":0,"name":"Shaded","section":"Shading Mode"},"sceneLighting":true,"audioPlay":false,"sceneViewState":{"showFog":true,"showMaterialUpdate":false,"showSkybox":true,"showFlares":true,"showImageEffects":false,"showParticleSystems":true,"showVisualEffectGraphs":true,"m_FxEnabled":true},"in2DMode":false,"pivot":{"x":-2.314336061477661,"y":0.13235926628112794,"z":-0.6009721755981445},"rotation":{"x":-0.06392449140548706,"y":-0.26268675923347475,"z":0.017441652715206147,"w":-0.9626102447509766},"size":0.19969965517520905,"orthographic":false}