{"cameraMode":{"drawMode":0,"name":"Shaded","section":"Shading Mode"},"sceneLighting":true,"audioPlay":false,"sceneViewState":{"showFog":true,"showMaterialUpdate":false,"showSkybox":true,"showFlares":true,"showImageEffects":false,"showParticleSystems":true,"showVisualEffectGraphs":true,"m_FxEnabled":true},"in2DMode":false,"pivot":{"x":-0.27371928095817568,"y":1.7404725551605225,"z":-0.9664255976676941},"rotation":{"x":0.17301879823207856,"y":-0.034564319998025897,"z":0.00607668049633503,"w":0.9843048453330994},"size":0.7338465452194214,"orthographic":false}