{"cameraMode":{"drawMode":0,"name":"Shaded","section":"Shading Mode"},"sceneLighting":true,"audioPlay":false,"sceneViewState":{"showFog":true,"showMaterialUpdate":false,"showSkybox":true,"showFlares":true,"showImageEffects":false,"showParticleSystems":true,"showVisualEffectGraphs":true,"m_FxEnabled":true},"in2DMode":false,"pivot":{"x":-2.314336061477661,"y":0.13235926628112794,"z":-0.6009721755981445},"rotation":{"x":-0.09015285968780518,"y":0.027480650693178178,"z":-0.002491047838702798,"w":-0.9955524206161499},"size":0.4996996521949768,"orthographic":false}