{"cameraMode":{"drawMode":0,"name":"Shaded","section":"Shading Mode"},"sceneLighting":true,"audioPlay":false,"sceneViewState":{"showFog":true,"showMaterialUpdate":false,"showSkybox":true,"showFlares":true,"showImageEffects":false,"showParticleSystems":true,"showVisualEffectGraphs":true,"m_FxEnabled":true},"in2DMode":false,"pivot":{"x":0.03130656108260155,"y":0.1425837278366089,"z":0.0009908080101013184},"rotation":{"x":0.02699839137494564,"y":-0.0012063579633831978,"z":0.00003854424357996322,"w":0.9996693134307861},"size":0.1798536628484726,"orthographic":true}