{"cameraMode":{"drawMode":0,"name":"Shaded","section":"Shading Mode"},"sceneLighting":false,"audioPlay":false,"sceneViewState":{"showFog":true,"showMaterialUpdate":false,"showSkybox":false,"showFlares":true,"showImageEffects":false,"showParticleSystems":true,"showVisualEffectGraphs":true,"m_FxEnabled":true},"in2DMode":false,"pivot":{"x":0.19053120911121369,"y":0.2637147009372711,"z":-0.2780534625053406},"rotation":{"x":0.26361867785453799,"y":-0.5588594675064087,"z":0.19329006969928742,"w":0.7621460556983948},"size":0.5959674715995789,"orthographic":true}