{"cameraMode":{"drawMode":0,"name":"Shaded","section":"Shading Mode"},"sceneLighting":false,"audioPlay":false,"sceneViewState":{"showFog":true,"showMaterialUpdate":false,"showSkybox":false,"showFlares":true,"showImageEffects":false,"showParticleSystems":true,"showVisualEffectGraphs":true,"m_FxEnabled":true},"in2DMode":false,"pivot":{"x":0.26100000739097597,"y":0.10857142508029938,"z":0.11516761779785156},"rotation":{"x":0.3068777620792389,"y":-0.02255714312195778,"z":0.007274292875081301,"w":0.9514585733413696},"size":0.3872472047805786,"orthographic":true}